zone,label,non_null_cells,null_cells,min,max,range,mean,mean_of_abs,stddev,variance,coeff_var,sum,sum_abs
0,,751,0,0.0415680930018425,0.974144220352173,0.93257612735033,0.599171283976057,0.599171283976057,0.362363640358737,0.131307407854036,60.4774711421613,449.977634266019,449.977634266019
1,,748,0,0.0415680930018425,1.71335828304291,1.67179019004107,0.475544863006967,0.475544863006967,0.600577661532654,0.360693527532031,126.292534785273,355.707557529211,355.707557529211
2,,749,0,0.0306385103613138,1.71335828304291,1.68271977268159,1.13849986803398,1.13849986803398,0.779947100960765,0.608317480297101,68.5065605064685,852.736401157454,852.736401157454
3,,748,0,0.0306385103613138,1.71335828304291,1.68271977268159,1.15592671945233,1.15592671945233,0.741726353843353,0.550157983985754,64.1672470547941,864.633186150342,864.633186150342
4,,748,0,0.0155212758108974,1.64431214332581,1.62879086751491,1.01642197736086,1.01642197736086,0.783122363238618,0.613280635804438,77.0469726827432,760.283639065921,760.283639065921
5,,749,0,0.0155212758108974,1.64431214332581,1.62879086751491,0.456982291380667,0.456982291380667,0.689634601755049,0.475595883937845,150.910574602678,342.27973624412,342.27973624412
6,,748,0,0.0146965412423015,0.156942576169968,0.142246034927666,0.124322224108323,0.124322224108323,0.0501099289797312,0.0025110049823537,40.3064933394934,92.9930236330256,92.9930236330256
7,,749,0,0.00734827062115073,0.561295032501221,0.55394676188007,0.137051541900986,0.137051541900986,0.113538856418168,0.0128910719167454,82.8439102860991,102.651604883838,102.651604883838
8,,749,0,0.00734827062115073,0.967763841152191,0.96041557053104,0.441753240724347,0.441753240724347,0.295251588441341,0.087173500477135,66.836315214624,330.873177302536,330.873177302536
9,,748,0,0.561295032501221,2.35144639015198,1.79015135765076,0.843101323925875,0.843101323925875,0.432966086513499,0.187459632070815,51.3539801476537,630.639790296555,630.639790296555
10,,748,0,0.561295032501221,2.35144639015198,1.79015135765076,1.58444511818695,1.58444511818695,0.651263344946718,0.424143944471187,41.1035596923639,1185.16494840384,1185.16494840384
11,,750,0,0.013671612367034,2.35144639015198,2.33777477778494,1.54516639713446,1.54516639713446,0.580270386620199,0.336713721588356,37.5539092551016,1158.87479785085,1158.87479785085
12,,748,0,0.013671612367034,2.35144639015198,2.33777477778494,0.964832611618573,0.964832611618573,0.549472476712127,0.301920002664159,56.950031549032,721.694793490693,721.694793490693
13,,749,0,0.013671612367034,1.33234119415283,1.3186695817858,0.897925647654545,0.897925647654545,0.601266506504087,0.361521411843629,66.9617254028376,672.546310093254,672.546310093254
14,,749,0,0.0448832511901855,2.50781893730164,2.46293568611145,1.14909579215922,1.14909579215922,1.06011064121963,1.12383457162709,92.2560719874899,860.672748327255,860.672748327255
15,,749,0,0.0448832511901855,2.50781893730164,2.46293568611145,1.95741498263401,1.95741498263401,0.684681245374177,0.468788407767134,34.9788497303127,1466.10382199287,1466.10382199287
16,,747,0,0.0203804355114698,2.50781893730164,2.48743850179017,1.80457817856347,1.80457817856347,0.548575769983738,0.300935375413251,30.399113571263,1348.01989938691,1348.01989938691
17,,750,0,0.0203804355114698,2.09991002082825,2.07952958531678,1.59328724135458,1.59328724135458,0.820430669926656,0.673106484156301,51.492954228965,1194.96543101594,1194.96543101594
18,,748,0,0.0474036820232868,2.09991002082825,2.05250633880496,1.20627966052031,1.20627966052031,0.964317097722673,0.929907464960279,79.9414206575224,902.297186069191,902.297186069191
19,,748,0,0.0474036820232868,2.09991002082825,2.05250633880496,0.380702678537504,0.380702678537504,0.396138425044463,0.156925651796707,104.054541083413,284.765603546053,284.765603546053
20,,749,0,0.0464745461940765,0.622591435909271,0.576116889715195,0.264258786677837,0.264258786677837,0.274848707861058,0.075541812212893,104.007405511981,197.9298312217,197.9298312217
21,,749,0,0.0464745461940765,0.622591435909271,0.576116889715195,0.369726232587495,0.369726232587495,0.273455874912964,0.0747781155244146,73.9617183771917,276.924948208034,276.924948208034
22,,748,0,0.0464745461940765,0.620814263820648,0.574339717626572,0.578905748213357,0.578905748213357,0.0581675014699032,0.00338345822725119,10.0478362236723,433.021499663591,433.021499663591
23,,748,0,0.537556886672974,0.620814263820648,0.0832573771476746,0.572958855466409,0.572958855466409,0.0266583226711281,0.000710666167637981,4.65274642616829,428.573223888874,428.573223888874
24,,750,0,0.537556886672974,0.592317223548889,0.0547603368759155,0.577583721876144,0.577583721876144,0.0153027864565291,0.000234175273334131,2.64944905421185,433.187791407108,433.187791407108
25,,747,0,0.537908375263214,0.592317223548889,0.054408848285675,0.574104986197179,0.574104986197179,0.0113425468128273,0.000128653368201178,1.97569209213097,428.856424689293,428.856424689293
26,,750,0,0.537908375263214,0.586960017681122,0.0490516424179077,0.571865162531535,0.571865162531535,0.0111430526943203,0.000124167623348399,1.94854546568149,428.898871898651,428.898871898651
27,,747,0,0.557530581951141,0.603157579898834,0.0456269979476929,0.570664337440986,0.570664337440986,0.00994423234568663,9.88877569450001e-05,1.74257119172354,426.286260068417,426.286260068417
28,,750,0,0.557530581951141,0.579195320606232,0.0216647386550903,0.573448746442795,0.573448746442795,0.00813130047446099,6.61180474059696e-05,1.41796464372813,430.086559832096,430.086559832096
29,,748,0,0.572167754173279,0.59374612569809,0.0215783715248108,0.576696948810695,0.576696948810695,0.00644504024288645,4.15385437324259e-05,1.11757834963023,431.3693177104,431.3693177104
30,,749,0,0.56157249212265,0.59374612569809,0.0321736335754395,0.580652067833176,0.580652067833176,0.00940235376318963,8.84042562881662e-05,1.61927499858503,434.908398807049,434.908398807049
31,,749,0,0.0293930824846029,0.59374612569809,0.564353043213487,0.562166702919932,0.562166702919932,0.090933244280413,0.00826885491536127,16.175494530021,421.062860487029,421.062860487029
32,,748,0,0.0293930824846029,0.578290998935699,0.548897916451097,0.550639292807941,0.550639292807941,0.0992600908162528,0.00985256562885074,18.0263363172076,411.87819102034,411.87819102034
33,,749,0,0.530909359455109,0.572780847549438,0.0418714880943298,0.558475812939362,0.558475812939362,0.0159036649001547,0.000252926557256412,2.84769089935171,418.298383891582,418.298383891582
34,,747,0,0.515105128288269,0.572780847549438,0.0576757192611694,0.538438329974331,0.538438329974331,0.0137978366285364,0.000190380295627781,2.56256582424104,402.213432490826,402.213432490826
35,,750,0,0.501396000385284,0.540707945823669,0.039311945438385,0.519977050383886,0.519977050383886,0.0093849946129102,8.80781238843535e-05,1.80488631295968,389.982787787914,389.982787787914
36,,745,0,0.0144111439585686,0.530909359455109,0.51649821549654,0.446876039981042,0.446876039981042,0.147221720302019,0.0216742349286858,32.9446439572514,332.922649785876,332.922649785876
37,,736,0,0.0144111439585686,0.515105128288269,0.5006939843297,0.436488126607045,0.436488126607045,0.0507578774238956,0.00257636212057921,11.6286960239794,321.255261182785,321.255261182785
38,,740,0,0.396639078855515,0.432612836360931,0.0359737575054169,0.424303720488742,0.424303720488742,0.014385983043805,0.000206956508136646,3.39049184561339,313.984753161669,313.984753161669
39,,738,0,0.396639078855515,2.20636439323425,1.80972531437874,1.04636412600515,1.04636412600515,0.858181455764591,0.736475411018233,82.0155655604319,772.216724991798,772.216724991798
40,,733,0,0.369476556777954,2.20636439323425,1.8368878364563,1.61598482565372,1.61598482565372,0.851441332537356,0.724952342752988,52.6886960211967,1184.51687720418,1184.51687720418
41,,77,0,0.369476556777954,2.20636439323425,1.8368878364563,0.533947859491621,0.533947859491621,0.393784879712717,0.155066531490359,73.7496878604674,41.1139851808548,41.1139851808548
42,,725,0,0.369476556777954,2.20636439323425,1.8368878364563,0.747149194684522,0.747149194684522,0.736375561897478,0.542248968159826,98.5580346116021,541.683166146278,541.683166146278
43,,732,0,0.369476556777954,2.1176917552948,1.74821519851685,1.10032671510848,1.10032671510848,0.859838848953193,0.739322846169152,78.1439582577459,805.439155459404,805.439155459404
44,,733,0,0.326150625944138,2.1176917552948,1.79154112935066,1.5201493680965,1.5201493680965,0.829879238253944,0.688699550084946,54.5919536376284,1114.26948681474,1114.26948681474
45,,740,0,0.326150625944138,2.1176917552948,1.79154112935066,0.59930836026733,0.59930836026733,0.600915631695069,0.361099596415484,100.268187720095,443.488186597824,443.488186597824
46,,734,0,0.326150625944138,0.432166129350662,0.106015503406525,0.396974187293559,0.396974187293559,0.04076274947473,0.0016616017447396,10.2683627246993,291.379053473473,291.379053473473
47,,743,0,0.153192564845085,1.86080849170685,1.70761592686176,0.85770849715091,0.85770849715091,0.607334080432706,0.36885468525504,70.8089149693766,637.277413383126,637.277413383126
48,,739,0,0.432166129350662,1.86080849170685,1.42864236235619,1.54490324173309,1.54490324173309,0.407089032035764,0.165721480003816,26.350454904806,1141.68349564075,1141.68349564075
49,,743,0,0.395952552556992,1.86080849170685,1.46485593914986,1.42026133003017,1.42026133003017,0.310315856648294,0.0962959308873647,21.8492083172963,1055.25416821241,1055.25416821241
50,,740,0,0.395952552556992,1.86252880096436,1.46657624840736,1.42414206951051,1.42414206951051,0.324172508828697,0.105087815480292,22.7626523904401,1053.86513143778,1053.86513143778
51,,742,0,0.518817186355591,1.86252880096436,1.34371161460876,1.53315932924214,1.53315932924214,0.417817141619575,0.174571163831152,27.2520366051001,1137.60422229767,1137.60422229767
52,,740,0,0.420079261064529,1.86252880096436,1.44244953989983,0.850035253892074,0.850035253892074,0.56079849691569,0.314494954142897,65.9735574904629,629.026087880135,629.026087880135
53,,742,0,0.420079261064529,0.558423936367035,0.138344675302505,0.504323629838116,0.504323629838116,0.0373340245002995,0.00139382938538896,7.40279104357721,374.208133339882,374.208133339882
54,,741,0,0.464933067560196,0.558423936367035,0.093490868806839,0.508715114733468,0.508715114733468,0.0458559844364816,0.00210277130863884,9.0140794146655,376.9579000175,376.9579000175
55,,741,0,0.0579320825636387,1.87218463420868,1.81425255164504,0.672076156244748,0.672076156244748,0.40559655750104,0.164508567456695,60.3497912747459,498.008431777358,498.008431777358
56,,741,0,0.0579320825636387,1.87218463420868,1.81425255164504,0.47090418321582,0.47090418321582,0.286036806462441,0.0818170546512321,60.7420398156344,348.939999762923,348.939999762923
57,,741,0,0.0579320825636387,2.02944207191467,1.97150998935103,0.305365813858355,0.305365813858355,0.226708114342168,0.0513965691085816,74.2414848203433,226.276068069041,226.276068069041
58,,743,0,0.0579320825636387,2.02944207191467,1.97150998935103,0.445665409440027,0.445665409440027,0.664808973009067,0.441970970593371,149.172217301852,331.12939921394,331.12939921394
59,,739,0,0.0706293061375618,2.02944207191467,1.95881276577711,0.458083089617496,0.458083089617496,0.398232089629784,0.158588797210904,86.934466400476,338.523403227329,338.523403227329
60,,743,0,0.0706293061375618,0.781424343585968,0.710795037448406,0.604258099322685,0.604258099322685,0.265167485412735,0.0703137953201132,43.8831495531401,448.963767796755,448.963767796755
61,,738,0,0.0706293061375618,0.781424343585968,0.710795037448406,0.631585242151003,0.631585242151003,0.0689969952205815,0.00476058534946895,10.9244153624611,466.10990870744,466.10990870744
62,,740,0,0.510284781455994,0.659422814846039,0.149138033390045,0.650197055291485,0.650197055291485,0.0214153714324279,0.000458618133588848,3.29367401130836,481.145820915699,481.145820915699
63,,742,0,0.538232624530792,0.659422814846039,0.121190190315247,0.648182523057789,0.648182523057789,0.0213919801863624,0.00045761681629372,3.30030190962973,480.951432108879,480.951432108879
64,,741,0,0.538232624530792,0.67549079656601,0.137258172035217,0.615175409838256,0.615175409838256,0.05024098635646,0.00252415671007,8.16693670666543,455.844978690147,455.844978690147
65,,738,0,0.360641568899155,0.67549079656601,0.314849227666855,0.580405721254142,0.580405721254142,0.0706028566408949,0.00498476336585475,12.1643970856001,428.339422285557,428.339422285557
66,,29,0,0.538232624530792,0.67549079656601,0.137258172035217,0.544429374152216,0.544429374152216,0.024813034693566,0.000615686690704109,4.55762232377795,15.7884518504143,15.7884518504143
67,,718,0,0.283134043216705,0.67549079656601,0.392356753349304,0.442139162409604,0.442139162409604,0.105124918045963,0.0110512483941704,23.7764321696918,317.455918610096,317.455918610096
68,,735,0,0.283134043216705,1.09921610355377,0.816082060337067,0.448984043898226,0.448984043898226,0.274194436631409,0.0751825890796158,61.0699735007872,330.003272265196,330.003272265196
69,,725,0,0.157140955328941,1.09921610355377,0.942075148224831,0.863017954785248,0.863017954785248,0.339195181783058,0.115053371344842,39.3033748489581,625.688017219305,625.688017219305
70,,731,0,0.157140955328941,1.09921610355377,0.942075148224831,0.857903897803068,0.857903897803068,0.219797135926633,0.0483107809615509,25.6202514628378,627.127749294043,627.127749294043
71,,731,0,0.561494827270508,1.09921610355377,0.537721276283264,0.688340525539075,0.688340525539075,0.112950664441866,0.0127578525978589,16.4091260431613,503.176924169064,503.176924169064
72,,730,0,0.463084548711777,0.796603918075562,0.333519369363785,0.600063465882654,0.600063465882654,0.0977788151964806,0.00956069670122751,16.2947455987267,438.046330094337,438.046330094337
73,,730,0,0.463084548711777,0.56244832277298,0.099363774061203,0.554062812295679,0.554062812295679,0.0215699379129594,0.000465262221568922,3.89304920566451,404.465852975845,404.465852975845
74,,730,0,0.434772521257401,0.56244832277298,0.127675801515579,0.555320305407864,0.555320305407864,0.0054983846747516,3.02322340315432e-05,0.990128511636761,405.383822947741,405.383822947741
75,,731,0,0.434772521257401,0.555070400238037,0.120297878980637,0.52816536296898,0.52816536296898,0.0472794799240937,0.00223534922189278,8.95164341302528,386.088880330324,386.088880330324
76,,728,0,0.434772521257401,0.552369892597198,0.117597371339798,0.515420896297955,0.515420896297955,0.0378595539049812,0.00143334582188418,7.3453665105373,375.226412504911,375.226412504911
77,,731,0,0.40244522690773,0.54799497127533,0.145549744367599,0.513340571795867,0.513340571795867,0.0292072027839723,0.000853060694464081,5.68963459907213,375.251957982779,375.251957982779
78,,730,0,0.40244522690773,0.533056497573853,0.130611270666122,0.482879899054357,0.482879899054357,0.0606200835807624,0.00367479453333862,12.5538635382167,352.502326309681,352.502326309681
79,,731,0,0.40244522690773,2.1695351600647,1.76708993315697,0.515960633877038,0.515960633877038,0.228053661052697,0.0520084723195386,44.1998179859292,377.167223364115,377.167223364115
80,,730,0,0.394560188055038,0.510736286640167,0.116176098585129,0.500370367463321,0.500370367463321,0.0240743446089068,0.000579574068348399,4.81130502011023,365.270368248224,365.270368248224
81,,731,0,0.484428822994232,0.510736286640167,0.0263074636459351,0.498416568895371,0.498416568895371,0.00589185552547557,3.4713961533077e-05,1.18211469946385,364.342511862516,364.342511862516
82,,728,0,0.453880101442337,0.501396000385284,0.0475158989429474,0.488484246431144,0.488484246431144,0.0113954288730307,0.000129855799200301,2.33281399682496,355.616531401873,355.616531401873
83,,727,0,0.453880101442337,0.484428822994232,0.0305487215518951,0.475146461016866,0.475146461016866,0.0108188297921101,0.000117047078070649,2.27694630597829,345.431477159262,345.431477159262
84,,35,0,0.462869226932526,0.484428822994232,0.0215595960617065,0.465333180768149,0.465333180768149,0.00685935717882067,4.70507809066386e-05,1.47407437558989,16.2866613268852,16.2866613268852
85,,686,0,0.451586484909058,0.484428822994232,0.0328423380851746,0.467593422088957,0.467593422088957,0.00711080164463434,5.05635000293345e-05,1.52072319855722,320.769087553024,320.769087553024
86,,708,0,0.353428721427917,0.471246600151062,0.117817878723145,0.450938333815101,0.450938333815101,0.0279024018091539,0.000778544026719476,6.18763137147591,319.264340341091,319.264340341091
87,,712,0,0.353428721427917,0.451586484909058,0.0981577634811401,0.431814852892683,0.431814852892683,0.026731445631796,0.000714570185565665,6.19048776407871,307.45217525959,307.45217525959
88,,713,0,0.40992546081543,0.451586484909058,0.0416610240936279,0.422740382114935,0.422740382114935,0.0145370827606085,0.000211326775188781,3.43877315147437,301.413892447948,301.413892447948
89,,711,0,0.29987645149231,0.436698079109192,0.136821627616882,0.417596813914813,0.417596813914813,0.035555755719156,0.00126421176476029,8.5143742802619,296.911334693432,296.911334693432
90,,703,0,0.29987645149231,0.432929575443268,0.133053123950958,0.407317124296557,0.407317124296557,0.0363426880337698,0.00132079097351992,8.922455223687,286.34393838048,286.34393838048
91,,705,0,0.369836091995239,0.432929575443268,0.0630934834480286,0.396520746980153,0.396520746980153,0.0284240804950192,0.000807928351987329,7.16837156983412,279.547126621008,279.547126621008
92,,712,0,0.302757501602173,0.42798912525177,0.125231623649597,0.405978631437495,0.405978631437495,0.0366509461984625,0.00134329185724259,9.02780180047613,289.056785583496,289.056785583496
93,,710,0,0.302757501602173,0.459396868944168,0.156639367341995,0.423983175905657,0.423983175905657,0.0280923543804889,0.000789180374638971,6.62581818735652,301.028054893017,301.028054893017
94,,707,0,0.419525176286697,0.459396868944168,0.0398716926574707,0.434245884249875,0.434245884249875,0.0179477042463346,0.000322120087713899,4.13307411706109,307.011840164661,307.011840164661
95,,707,0,0.394565403461456,2.08877086639404,1.69420546293259,0.564267684032421,0.564267684032421,0.442939027151254,0.196194981773699,78.4980319953612,398.937252610922,398.937252610922
96,,706,0,0.222230866551399,2.08877086639404,1.86653999984264,0.438634393552039,0.438634393552039,0.258964510616683,0.0670626177589379,59.0388064464351,309.675881847739,309.675881847739
97,,703,0,0.222230866551399,0.436640977859497,0.214410111308098,0.341114535482645,0.341114535482645,0.083521908617295,0.00697590921907577,24.4850042813682,239.8035184443,239.8035184443
98,,93,0,0.222230866551399,0.396806597709656,0.174575731158257,0.279988997405575,0.279988997405575,0.0816848275365821,0.00667241104968116,29.1742990951385,26.0389767587185,26.0389767587185
99,,737,0,0.222230866551399,0.425555974245071,0.203325107693672,0.347450968590811,0.347450968590811,0.0788494118016563,0.00621722974146718,22.6936802396761,256.071363851428,256.071363851428
100,,736,0,0.222230866551399,0.428842306137085,0.206611439585686,0.40559125420354,0.40559125420354,0.0224240192532342,0.000502836639469416,5.52872356611048,298.515163093805,298.515163093805
101,,737,0,0.167318284511566,0.428842306137085,0.261524021625519,0.370202526793875,0.370202526793875,0.103284587602271,0.0106677060361711,27.8994820745183,272.839262247086,272.839262247086
102,,740,0,0.167318284511566,0.437966018915176,0.27064773440361,0.296087354622983,0.296087354622983,0.132332328647334,0.0175118452052261,44.6936779234754,219.104642421007,219.104642421007
103,,741,0,0.167318284511566,1.69177877902985,1.52446049451828,0.381229391665916,0.381229391665916,0.201445920045644,0.0405804587030361,52.8411304189731,282.490979224443,282.490979224443
104,,744,0,0.408407837152481,1.69177877902985,1.28337094187737,0.435795808311111,0.435795808311111,0.0473632004603283,0.00224327275784525,10.868209275321,324.232081383467,324.232081383467
105,,744,0,0.408407837152481,0.442335247993469,0.0339274108409882,0.42973249682015,0.42973249682015,0.0140541216118054,0.000197518334279415,3.27043491376619,319.720977634192,319.720977634192
106,,745,0,0.408407837152481,0.478159040212631,0.0697512030601501,0.431743467214123,0.431743467214123,0.00983913129967163,9.6808504732178e-05,2.27892997736823,321.648883074522,321.648883074522
107,,745,0,0.404955744743347,0.478159040212631,0.0732032954692841,0.443940002046175,0.443940002046175,0.0244190158516482,0.000596288335163044,5.50052163335087,330.735301524401,330.735301524401
108,,745,0,0.404955744743347,0.478159040212631,0.0732032954692841,0.458250062577676,0.458250062577676,0.0232079507339607,0.000538608977269945,5.06447300921574,341.396296620369,341.396296620369
109,,744,0,0.41366258263588,0.538942098617554,0.125279515981674,0.458998936158355,0.458998936158355,0.0336083662332653,0.00112952228086929,7.32210111739135,341.495208501816,341.495208501816
110,,745,0,0.41366258263588,0.504039883613586,0.0903773009777069,0.47807420656185,0.47807420656185,0.0386988389667741,0.00149760013737632,8.09473475782834,356.165283888578,356.165283888578
111,,745,0,0.447869062423706,0.539746880531311,0.091877818107605,0.501520666500066,0.501520666500066,0.0126948857553773,0.000161160124342082,2.53127868966405,373.632896542549,373.632896542549
112,,734,0,0.447869062423706,0.539746880531311,0.091877818107605,0.505905007633916,0.505905007633916,0.0257947112076826,0.000665367126287748,5.0987262071832,371.334275603294,371.334275603294
113,,731,0,0.447869062423706,0.539746880531311,0.091877818107605,0.506440165920231,0.506440165920231,0.019077927571871,0.000363967320437555,3.76706447388612,370.207761287689,370.207761287689
114,,730,0,0.483020603656769,0.529220640659332,0.0462000370025635,0.506890325105354,0.506890325105354,0.0212864150586879,0.000453111466050734,4.19941237865679,370.029937326908,370.029937326908
115,,727,0,0.483020603656769,0.529220640659332,0.0462000370025635,0.507272103547722,0.507272103547722,0.0172531605640601,0.000297671549449238,3.40116486662606,368.786819279194,368.786819279194
116,,725,0,0.450633496046066,0.529220640659332,0.078587144613266,0.495925521357306,0.495925521357306,0.0154091695027883,0.000237442504765662,3.10715396550166,359.546002984047,359.546002984047
117,,106,0,0.446559458971024,0.499424636363983,0.0528651773929596,0.461845972065656,0.461845972065656,0.0181285456440233,0.000328644167167437,3.92523627800443,48.9556730389595,48.9556730389595
118,,704,0,0.450633496046066,0.499424636363983,0.0487911403179169,0.468496267429807,0.468496267429807,0.0180964505378578,0.000327481522069134,3.862666961497,329.821372270584,329.821372270584
119,,723,0,0.433796972036362,0.48169019818306,0.047893226146698,0.455843195339786,0.455843195339786,0.00960157129461063,9.21901713254908e-05,2.10633204417006,329.574630230665,329.574630230665
120,,721,0,0.427605628967285,0.454378575086594,0.0267729461193085,0.447312187759952,0.447312187759952,0.0108176510702466,0.000117021574677606,2.41836716419893,322.512087374926,322.512087374926
121,,728,0,0.427605628967285,0.454378575086594,0.0267729461193085,0.435703940362066,0.435703940362066,0.0113463649374086,0.000128739997292855,2.60414558747848,317.192468583584,317.192468583584
122,,723,0,0.406843721866608,0.454131692647934,0.0472879707813263,0.430041755507101,0.430041755507101,0.00972846142556147,9.46429617086375e-05,2.26221321557246,310.920189231634,310.920189231634
123,,735,0,0.406843721866608,0.441823184490204,0.0349794626235962,0.423723590495635,0.423723590495635,0.0139598051306594,0.000194876159285984,3.29455462093352,311.436839014292,311.436839014292
124,,738,0,0.387999832630157,0.441823184490204,0.0538233518600464,0.418805136428616,0.418805136428616,0.00888660370054554,7.89717253305497e-05,2.12189463012,309.078190684319,309.078190684319
125,,720,0,0.387999832630157,0.430794388055801,0.0427945554256439,0.415115738039215,0.415115738039215,0.0148797230550106,0.000221406158193815,3.58447577181595,298.883331388235,298.883331388235
126,,720,0,0.394433796405792,0.430794388055801,0.0363605916500092,0.40987487046255,0.40987487046255,0.0148184276480036,0.000219585797959117,3.61535403018994,295.109906733036,295.109906733036
127,,722,0,0.379667311906815,0.417644798755646,0.0379774868488312,0.410038936336285,0.410038936336285,0.0126529070117023,0.000160096055846785,3.08578183446591,296.048112034798,296.048112034798
128,,716,0,0.379667311906815,0.417644798755646,0.0379774868488312,0.401889078360696,0.401889078360696,0.013842918702807,0.000191626398212523,3.44446252664346,287.752580106258,287.752580106258
129,,713,0,0.392533749341965,0.416982889175415,0.0244491398334503,0.393010771625674,0.393010771625674,0.0020316229431849,4.12749178327526e-06,0.516938234232402,280.216680169106,280.216680169106
130,,117,0,0.379667311906815,0.393067747354507,0.0134004354476929,0.385989913828353,0.385989913828353,0.0066012009075433,4.35758534217505e-05,1.71020036302783,45.1608199179173,45.1608199179173
131,,728,0,0.372270822525024,0.393067747354507,0.020796924829483,0.383297034099207,0.383297034099207,0.00821273136799534,6.74489565228547e-05,2.14265455700596,279.040240824223,279.040240824223
132,,730,0,0.372270822525024,0.378686904907227,0.00641608238220215,0.377091444028567,0.377091444028567,0.00135679751452813,1.84089949542972e-06,0.359805966434324,275.276754140854,275.276754140854
133,,731,0,0.366224527359009,0.378686904907227,0.0124623775482178,0.371887755255366,0.371887755255366,0.00541666588790222,2.93402693411635e-05,1.4565324647978,271.849949091673,271.849949091673
134,,731,0,0.366224527359009,0.36853101849556,0.0023064911365509,0.367291003424883,0.367291003424883,0.00114997669274583,1.32244639385863e-06,0.313096885581902,268.48972350359,268.48972350359
135,,732,0,0.358556658029556,0.36853101849556,0.00997436046600342,0.363797432412215,0.363797432412215,0.0040778818519635,1.66291203985733e-05,1.12092100950919,266.299720525742,266.299720525742
136,,743,0,0.358556658029556,0.362210273742676,0.00365361571311951,0.360508859157562,0.360508859157562,0.00182249923822698,3.32150347333792e-06,0.505535215552205,267.858082354069,267.858082354069
137,,744,0,0.355683863162994,0.362210273742676,0.0065264105796814,0.359137237552674,0.359137237552674,0.00256650858953405,6.58696634015205e-06,0.71463171210633,267.198104739189,267.198104739189
138,,744,0,0.355683863162994,0.35826113820076,0.0025772750377655,0.357267738189749,0.357267738189749,0.00125191500494646,1.5672911796101e-06,0.350413673311179,265.807197213173,265.807197213173
139,,744,0,0.354701548814774,0.358539283275604,0.00383773446083069,0.35642836258937,0.35642836258937,0.00165982302648039,2.75501247923454e-06,0.465682083889779,265.182701766491,265.182701766491
140,,744,0,0.354701548814774,0.358539283275604,0.00383773446083069,0.355052309491301,0.355052309491301,0.00110593547854374,1.22309328270177e-06,0.311485223157191,264.158918261528,264.158918261528
141,,744,0,0.352457791566849,0.358539283275604,0.00608149170875549,0.355137964330053,0.355137964330053,0.00162307174902095,2.63436190246992e-06,0.457025694812094,264.222645461559,264.222645461559
142,,743,0,0.352457791566849,0.357640355825424,0.00518256425857544,0.355470424906562,0.355470424906562,0.00171625857258637,2.94554348797622e-06,0.482813323509967,264.114525705576,264.114525705576
143,,746,0,0.351702779531479,0.357640355825424,0.00593757629394531,0.35479916744034,0.35479916744034,0.00202164905792701,4.08706491341716e-06,0.569800958810578,264.680178910494,264.680178910494
144,,741,0,0.351702779531479,0.353058308362961,0.00135552883148193,0.352823691691464,0.352823691691464,0.00045489264440927,2.06927317937659e-07,0.128929166357418,261.442355543375,261.442355543375
145,,746,0,0.341090798377991,0.353058308362961,0.0119675099849701,0.351313778606241,0.351313778606241,0.00287487338386084,8.26489697323147e-06,0.818320703294433,262.080078840256,262.080078840256
146,,746,0,0.341090798377991,0.350567162036896,0.00947636365890503,0.348872112724481,0.348872112724481,0.00209867272733968,4.40442721647935e-06,0.601559325264008,260.258596092463,260.258596092463
147,,743,0,0.33499014377594,0.350567162036896,0.0155770182609558,0.347789886541675,0.347789886541675,0.00316388884100498,1.00101925982358e-05,0.909712721225393,258.407885700464,258.407885700464
148,,5,0,0.350567162036896,0.350567162036896,0,0.350567162036896,0.350567162036896,0,0,0,1.75283581018448,1.75283581018448
149,,709,0,0.342542886734009,0.348511397838593,0.00596851110458374,0.345118859086622,0.345118859086622,0.00295619451821105,8.73908602950107e-06,0.856572870585746,244.689271092415,244.689271092415
150,,727,0,0.342542886734009,0.348511397838593,0.00596851110458374,0.345635706243686,0.345635706243686,0.00274649281082764,7.54322275992792e-06,0.794620683342035,251.277158439159,251.277158439159
151,,725,0,0.344483613967896,0.348511397838593,0.00402778387069702,0.344584396789814,0.344584396789814,0.000466873275738492,2.1797065559879e-07,0.135488803349175,249.823687672615,249.823687672615
152,,726,0,0.338536143302917,0.344580054283142,0.00604391098022461,0.34390990284192,0.34390990284192,0.00178366514058615,3.18146133374219e-06,0.518643146314404,249.678589463234,249.678589463234
153,,728,0,0.338536143302917,0.344483613967896,0.00594747066497803,0.340154317954739,0.340154317954739,0.00144692293000583,2.09358596537667e-06,0.425372501135899,247.63234347105,247.63234347105
154,,723,0,0.33689421415329,0.340847164392471,0.00395295023918152,0.340000770316249,0.340000770316249,0.00123567884410834,1.52690220577693e-06,0.363434130740053,245.820556938648,245.820556938648
155,,724,0,0.33689421415329,0.340847164392471,0.00395295023918152,0.339022068317095,0.339022068317095,0.00134556276988304,1.81053916769533e-06,0.396895333853167,245.451977461576,245.451977461576
156,,730,0,0.335454761981964,0.339693605899811,0.00423884391784668,0.33902687952943,0.33902687952943,0.00124464023129179,1.54912930535007e-06,0.36712140141199,247.489622056484,247.489622056484
157,,726,0,0.335454761981964,0.339693605899811,0.00423884391784668,0.336835805542213,0.336835805542213,0.00127251035466677,1.61928260273414e-06,0.377783576962186,244.542794823647,244.542794823647
158,,726,0,0.334450304508209,0.336968183517456,0.00251787900924683,0.336466259864408,0.336466259864408,0.000457867091475132,2.09642273455897e-07,0.13608113088654,244.27450466156,244.27450466156
159,,727,0,0.334450304508209,0.337510079145432,0.00305977463722229,0.336828659825345,0.336828659825345,0.000908507959330773,8.25386712167366e-07,0.26972406677088,244.874435693026,244.874435693026
160,,726,0,0.334450304508209,0.337780714035034,0.00333040952682495,0.336919086038574,0.336919086038574,0.000807285807075515,6.51710374305566e-07,0.239608214710368,244.603256464005,244.603256464005
161,,724,0,0.33415213227272,0.337780714035034,0.00362858176231384,0.336719460497245,0.336719460497245,0.00139278631042584,1.93985370650963e-06,0.413634040743908,243.784889400005,243.784889400005
162,,724,0,0.33415213227272,0.337780714035034,0.00362858176231384,0.336171909137655,0.336171909137655,0.00180261668464908,3.24942691177525e-06,0.536218713001077,243.388462215662,243.388462215662
163,,723,0,0.331374824047089,0.337780714035034,0.00640588998794556,0.334493332260377,0.334493332260377,0.00177982961834648,3.16779347034339e-06,0.532097188998979,241.838679224253,241.838679224253
164,,61,0,0.331374824047089,0.335361868143082,0.00398704409599304,0.334182296620041,0.334182296620041,0.000971197445187915,9.43224477539533e-07,0.290619058822302,20.3851200938225,20.3851200938225
165,,732,0,0.316999316215515,0.335361868143082,0.0183625519275665,0.332037769583731,0.332037769583731,0.00375492193985096,1.40994387743741e-05,1.1308719319969,243.051647335291,243.051647335291
166,,735,0,0.316999316215515,0.335361868143082,0.0183625519275665,0.329336071257689,0.329336071257689,0.00553815908449189,3.06712060451401e-05,1.68161327222446,242.062012374401,242.062012374401
167,,734,0,0.316999316215515,0.333797693252563,0.0167983770370483,0.327177079155919,0.327177079155919,0.00522899772407242,2.73424171983546e-05,1.59821639632051,240.147976100445,240.147976100445
168,,733,0,0.316369742155075,0.333797693252563,0.0174279510974884,0.324232200076765,0.324232200076765,0.00465681030156811,2.16858821847909e-05,1.43625781167496,237.662202656269,237.662202656269
169,,733,0,0.316369742155075,0.324305176734924,0.00793543457984924,0.32050274603201,0.32050274603201,0.00377267678092854,1.42330900933574e-05,1.17711215508642,234.928512841463,234.928512841463
170,,736,0,0.286205470561981,0.324305176734924,0.0380997061729431,0.318316323520697,0.318316323520697,0.00412239525066082,1.69941426026709e-05,1.29506247278355,234.280814111233,234.280814111233
171,,738,0,0.286205470561981,0.318359076976776,0.0321536064147949,0.312248723091795,0.312248723091795,0.00770521246324302,5.93702991037156e-05,2.4676521930813,230.439557641745,230.439557641745
172,,734,0,0.294587194919586,0.320362031459808,0.0257748365402222,0.309503099980081,0.309503099980081,0.00809959609623448,6.56034569221369e-05,2.61696768037404,227.17527538538,227.17527538538
173,,736,0,0.294587194919586,0.320362031459808,0.0257748365402222,0.309622818077712,0.309622818077712,0.00883647267727222,7.80832493761784e-05,2.85394750042433,227.882394105196,227.882394105196
174,,738,0,0.303182512521744,0.3243627846241,0.021180272102356,0.310360423190807,0.310360423190807,0.00658831855405473,4.34059413697018e-05,2.12279596938308,229.045992314816,229.045992314816
175,,738,0,0.303182512521744,0.3243627846241,0.021180272102356,0.313615036446874,0.313615036446874,0.00931477366440829,8.67650084191542e-05,2.97012980306708,231.447896897793,231.447896897793
176,,733,0,0.272740185260773,0.327573865652084,0.0548336803913116,0.314673079231101,0.314673079231101,0.00994048431798399,9.88132284760856e-05,3.15898784296179,230.655367076397,230.655367076397
177,,736,0,0.272740185260773,0.327573865652084,0.0548336803913116,0.311679659937711,0.311679659937711,0.0176076553726171,0.000310029527720852,5.64927957638814,229.396229714155,229.396229714155
178,,737,0,0.272740185260773,0.327573865652084,0.0548336803913116,0.312698208210103,0.312698208210103,0.0176308947148591,0.000310848448446445,5.63831011881361,230.458579450846,230.458579450846
179,,737,0,0.285282403230667,0.329961687326431,0.0446792840957642,0.310388563365108,0.310388563365108,0.0199449791817194,0.000397802194559219,6.42580994785501,228.756371200085,228.756371200085
180,,736,0,0.285282403230667,0.329961687326431,0.0446792840957642,0.3165794501648,0.3165794501648,0.0145391897070954,0.000211388037338908,4.59258795841827,233.002475321293,233.002475321293
181,,738,0,0.254567861557007,0.329961687326431,0.0753938257694244,0.314997054616287,0.314997054616287,0.0107496833116262,0.000115555691300255,3.41262978624385,232.46782630682,232.46782630682
182,,737,0,0.254567861557007,0.324478030204773,0.0699101686477661,0.313243921082897,0.313243921082897,0.0151889766170182,0.000230705010672325,4.84892941082761,230.860769838095,230.860769838095
183,,731,0,0.284166425466537,0.324478030204773,0.0403116047382355,0.310014428094376,0.310014428094376,0.013662453019056,0.000186662622497914,4.40703779596247,226.620546936989,226.620546936989
184,,738,0,0.284166425466537,0.316527247428894,0.0323608219623566,0.30109857555812,0.30109857555812,0.0104404869523031,0.000109003767801211,3.46746474404619,222.210748761892,222.210748761892
185,,741,0,0.291504353284836,0.306439369916916,0.0149350166320801,0.299535710118238,0.299535710118238,0.00734349343704334,5.39268958598985e-05,2.4516253618457,221.955961197615,221.955961197615
186,,734,0,0.291504353284836,0.306439369916916,0.0149350166320801,0.294120604969175,0.294120604969175,0.00358173820658158,1.28288485804862e-05,1.21777874316454,215.884524047375,215.884524047375
187,,735,0,0.265298128128052,0.296358436346054,0.0310603082180023,0.292144149095834,0.292144149095834,0.00552277026375408,3.05009913862064e-05,1.89042644901385,214.725949585438,214.725949585438
188,,736,0,0.265298128128052,0.296358436346054,0.0310603082180023,0.284670110670445,0.284670110670445,0.00897179906613431,8.04931784830885e-05,3.15164772480126,209.517201453447,209.517201453447
189,,729,0,0.265298128128052,0.288021057844162,0.0227229297161102,0.279021446310771,0.279021446310771,0.00671012277103744,4.50257476023952e-05,2.40487706581658,203.406634360552,203.406634360552
190,,732,0,0.254363834857941,0.282112628221512,0.0277487933635712,0.272362603393734,0.272362603393734,0.00646754585865745,4.18291494338371e-05,2.37460862029865,199.369425684214,199.369425684214
191,,725,0,0.254363834857941,0.268465340137482,0.014101505279541,0.263076848737125,0.263076848737125,0.00681214914673304,4.64053759973357e-05,2.58941415006076,190.730715334415,190.730715334415
192,,725,0,0.254363834857941,0.268465340137482,0.014101505279541,0.257537985341302,0.257537985341302,0.00498951313799389,2.48952413542137e-05,1.93738920935548,186.715039372444,186.715039372444
193,,720,0,0.247108042240143,0.258646905422211,0.0115388631820679,0.255145197734237,0.255145197734237,0.00249606386553633,6.23033482083615e-06,0.978291532704553,183.70454236865,183.70454236865
194,,109,0,0.247108042240143,0.254453629255295,0.00734558701515198,0.249125644427921,0.249125644427921,0.00327412082377488,1.07198671686763e-05,1.31424479856075,27.1546952426434,27.1546952426434
195,,729,0,0.247108042240143,0.254453629255295,0.00734558701515198,0.251533383511221,0.251533383511221,0.00321654312533981,1.03461496771708e-05,1.27877384720836,183.36783657968,183.36783657968
196,,733,0,0.217106655240059,0.254453629255295,0.0373469740152359,0.248532251235082,0.248532251235082,0.00215727596967513,4.65383960933778e-06,0.868006449446515,182.174140155315,182.174140155315
197,,742,0,0.217106655240059,0.249949231743813,0.0328425765037537,0.242300846044105,0.242300846044105,0.0102225386496755,0.00010450029644411,4.21894467830904,179.787227764726,179.787227764726
198,,742,0,0.217106655240059,0.247141644358635,0.030034989118576,0.239992847902113,0.239992847902113,0.00803397100348612,6.45446900848557e-05,3.34758767759736,178.074693143368,178.074693143368
199,,743,0,0.213304400444031,0.247141644358635,0.0338372439146042,0.238935420623057,0.238935420623057,0.00535484524525096,2.86743676005868e-05,2.24112659030941,177.529017522931,177.529017522931
200,,742,0,0.213304400444031,0.247141644358635,0.0338372439146042,0.235751997046875,0.235751997046875,0.0108909717961458,0.000118613266664443,4.61967318731992,174.927981808782,174.927981808782
201,,745,0,0.213304400444031,0.242124363780022,0.0288199633359909,0.234649160424335,0.234649160424335,0.00751071443904683,5.64108313849065e-05,3.20082732257154,174.813624516129,174.813624516129
202,,746,0,0.199624270200729,0.242124363780022,0.0425000935792923,0.232366143159029,0.232366143159029,0.00661313924969079,4.37336107358008e-05,2.84599949019459,173.345142796636,173.345142796636
203,,745,0,0.199624270200729,0.240670412778854,0.041046142578125,0.226697116630189,0.226697116630189,0.0141773184915042,0.000200996359609548,6.25385920308447,168.889351889491,168.889351889491
204,,750,0,0.199624270200729,0.235435917973518,0.035811647772789,0.222857220848401,0.222857220848401,0.011066434975436,0.000122465983065553,4.96570626399578,167.142915636301,167.142915636301
205,,757,0,0.19901992380619,0.234330669045448,0.0353107452392578,0.219244340688108,0.219244340688108,0.00823483877984912,6.7812569730107e-05,3.75600973507627,165.967965900898,165.967965900898
206,,750,0,0.19901992380619,0.22557008266449,0.0265501588582993,0.216824628214041,0.216824628214041,0.00928535682879706,8.62178514380882e-05,4.28242718794421,162.618471160531,162.618471160531
207,,743,0,0.19901992380619,0.228588163852692,0.0295682400465012,0.216585690007717,0.216585690007717,0.00668034232008935,4.46269735135767e-05,3.08438767115747,160.923167675734,160.923167675734
208,,738,0,0.198769316077232,0.228588163852692,0.0298188477754593,0.219341717599853,0.219341717599853,0.00996010534067495,9.92036983973417e-05,4.54090788093729,161.874187588692,161.874187588692
209,,745,0,0.198769316077232,0.230091407895088,0.0313220918178558,0.222608102848066,0.222608102848066,0.0109365594775999,0.00011960833320708,4.91292066087292,165.843036621809,165.843036621809
210,,746,0,0.198769316077232,0.234879553318024,0.0361102372407913,0.226539873285843,0.226539873285843,0.00328313423723137,1.07789704196808e-05,1.44925226169292,168.998745471239,168.998745471239
211,,745,0,0.207840457558632,0.234879553318024,0.0270390957593918,0.228078574262209,0.228078574262209,0.00882510020856029,7.78823936911309e-05,3.86932452428195,169.918537825346,169.918537825346
212,,750,0,0.207840457558632,0.234879553318024,0.0270390957593918,0.230504191319148,0.230504191319148,0.00895194656454518,8.01373472944723e-05,3.88363721861814,172.878143489361,172.878143489361
213,,757,0,0.231808945536613,0.234879553318024,0.00307060778141022,0.23269047132414,0.23269047132414,0.000663143791157431,4.3975968775065e-07,0.284989663471723,176.146686792374,176.146686792374
214,,754,0,0.21055069565773,0.233131155371666,0.0225804597139359,0.228605535266728,0.228605535266728,0.00781365147338249,6.10531493474924e-05,3.4179625022053,172.368573591113,172.368573591113
215,,743,0,0.21055069565773,0.231808945536613,0.0212582498788834,0.225678051885814,0.225678051885814,0.00677889388788204,4.59534023431645e-05,3.00378961588695,167.67879255116,167.67879255116
216,,735,0,0.212865814566612,0.231808945536613,0.0189431309700012,0.220959268682668,0.220959268682668,0.00491016370289341,2.41097075892119e-05,2.22220309298053,162.405062481761,162.405062481761
217,,744,0,0.205751568078995,0.224305167794228,0.0185535997152328,0.21570500567235,0.21570500567235,0.00464260344554033,2.15537667525429e-05,2.15229286453942,160.484524220228,160.484524220228
218,,746,0,0.192754104733467,0.219749867916107,0.0269957631826401,0.20784417258191,0.20784417258191,0.00672462811310052,4.52206232595019e-05,3.23541816427419,155.051752746105,155.051752746105
219,,753,0,0.192754104733467,0.212865814566612,0.0201117098331451,0.201429340666825,0.201429340666825,0.0055456317209949,3.07540311849048e-05,2.75313998578174,151.67629352212,151.67629352212
220,,750,0,0.196467816829681,0.208040222525597,0.0115724056959152,0.200131235261758,0.200131235261758,0.00501107365908933,2.51108592168189e-05,2.50389383373124,150.098426446319,150.098426446319
221,,747,0,0.183706745505333,0.208040222525597,0.0243334770202637,0.198294055050955,0.198294055050955,0.00701177871841941,4.91650407960793e-05,3.53605090007244,148.125659123063,148.125659123063
222,,744,0,0.183706745505333,0.203814521431923,0.02010777592659,0.195920374685077,0.195920374685077,0.00775106254029208,6.00789705035191e-05,3.95623097023531,145.764758765697,145.764758765697
223,,13,0,0.183706745505333,0.203814521431923,0.02010777592659,0.201782124546858,0.201782124546858,0.00524233877492698,2.74821158311029e-05,2.59801941658593,2.62316761910915,2.62316761910915
224,,640,0,0.188923463225365,0.203814521431923,0.0148910582065582,0.193711102497764,0.193711102497764,0.00672344638924917,4.52047313491077e-05,3.47086269323504,123.975105598569,123.975105598569
225,,696,0,0.167194113135338,0.203814521431923,0.0366204082965851,0.18917416338006,0.18917416338006,0.0087068474814509,7.58091930652478e-05,4.60255635647159,131.665217712522,131.665217712522
226,,691,0,0.167194113135338,0.191716983914375,0.0245228707790375,0.185389045501928,0.185389045501928,0.00860758082467992,7.40904476533975e-05,4.64298243802673,128.103830441833,128.103830441833
227,,693,0,0.176193550229073,0.191716983914375,0.0155234336853027,0.182465441987284,0.182465441987284,0.00744885851053767,5.54854931100095e-05,4.082339334731,126.448551297188,126.448551297188
228,,693,0,0.150939106941223,0.191716983914375,0.0407778769731522,0.179316051272087,0.179316051272087,0.00874384608166159,7.64548442997887e-05,4.87622051658612,124.266023531556,124.266023531556
229,,694,0,0.150939106941223,0.191716983914375,0.0407778769731522,0.174500240329707,0.174500240329707,0.0113982319411748,0.000129919691384816,6.53192907908811,121.103166788816,121.103166788816
230,,694,0,0.15883669257164,0.188141331076622,0.029304638504982,0.171582633634809,0.171582633634809,0.0137047585002196,0.000187820405549341,7.98726433433138,119.078347742558,119.078347742558
231,,685,0,0.135832190513611,0.188141331076622,0.0523091405630112,0.167874564524115,0.167874564524115,0.0112167198252899,0.000125814803639051,6.68160769744165,114.994076699018,114.994076699018
232,,688,0,0.135832190513611,0.188141331076622,0.0523091405630112,0.160745532035308,0.160745532035308,0.00905726310541244,8.20340149606654e-05,5.63453490167491,110.592926040292,110.592926040292
233,,684,0,0.144356220960617,0.165131822228432,0.0207756012678146,0.155426905408763,0.155426905408763,0.00993772702370772,9.87584183977307e-05,6.3938267300453,106.312003299594,106.312003299594
234,,672,0,0.110224060714245,0.164274409413338,0.0540503486990929,0.148804136574091,0.148804136574091,0.00817686097469075,6.68610553994206e-05,5.49504950799497,99.9963797777891,99.9963797777891
235,,657,0,0.110224060714245,0.146427437663078,0.0362033769488335,0.13568455417452,0.13568455417452,0.0161835133217527,0.000261906103435348,11.9273069954132,89.1447520926595,89.1447520926595
236,,181,0,0.110224060714245,0.146427437663078,0.0362033769488335,0.130517347124071,0.130517347124071,0.0148674413133117,0.000221040811204769,11.3911611298525,23.6236398294568,23.6236398294568
237,,705,0,0.0900898203253746,0.146427437663078,0.0563376173377037,0.116278348250169,0.116278348250169,0.0117825175431196,0.000138827719653921,10.1330279630133,81.9762355163693,81.9762355163693
238,,710,0,0.08494021743536,0.116721369326115,0.0317811518907547,0.109877514178065,0.109877514178065,0.0104769771255394,0.000109767049689077,9.53514211157047,78.0130350664258,78.0130350664258
239,,713,0,0.0758196040987968,0.11474746465683,0.038927860558033,0.0864630077676887,0.0864630077676887,0.00878287016459167,7.71388083280745e-05,10.1579512341159,61.648124538362,61.648124538362
240,,714,0,0.0758196040987968,0.0870652496814728,0.0112456455826759,0.0829661818591653,0.0829661818591653,0.00419784662884453,1.76219163193014e-05,5.05970810609358,59.2378538474441,59.2378538474441
241,,713,0,0.0618840754032135,0.0870652496814728,0.0251811742782593,0.0666262488524844,0.0666262488524844,0.00732995812543685,5.37282861206578e-05,11.0016071018285,47.5045154318213,47.5045154318213
242,,722,0,0.0618840754032135,0.0650260373950005,0.00314196199178696,0.0635265573921131,0.0635265573921131,0.00105883664115064,1.12113503264317e-06,1.66676219303849,45.8661744371057,45.8661744371057
243,,722,0,0.0425555966794491,0.0650260373950005,0.0224704407155514,0.0527219224999816,0.0527219224999816,0.00750167353126166,5.62751057696318e-05,14.2287556590226,38.0652280449867,38.0652280449867
244,,722,0,0.0425555966794491,0.0501292422413826,0.00757364556193352,0.0484631916719626,0.0484631916719626,0.00138483327194631,1.91776319108952e-06,2.85749498572022,34.990424387157,34.990424387157
245,,722,0,0.0329256020486355,0.0501292422413826,0.0172036401927471,0.0398138027504045,0.0398138027504045,0.00750186192896462,5.62779324012488e-05,18.8423647346482,28.7455655857921,28.7455655857921
246,,723,0,0.0329256020486355,0.0355928987264633,0.00266729667782784,0.0341983784716654,0.0341983784716654,0.00133225842153004,1.77491250173772e-06,3.89567716678107,24.7254276350141,24.7254276350141
247,,721,0,0.0200723987072706,0.0355928987264633,0.0155205000191927,0.0280389489603439,0.0280389489603439,0.00658750110455402,4.33951708025004e-05,23.4941085483299,20.216082200408,20.216082200408
248,,723,0,0.0200723987072706,0.0227860193699598,0.00271362066268921,0.0212772012421575,0.0212772012421575,0.00134826848404036,1.81782790505649e-06,6.3366815432895,15.3834164980799,15.3834164980799
249,,721,0,0.00911440700292587,0.0227860193699598,0.013671612367034,0.0165283187420395,0.0165283187420395,0.00540311711309124,2.91936745377794e-05,32.6900587858854,11.9169178130105,11.9169178130105
250,,723,0,0.00911440700292587,0.0115289157256484,0.00241450872272253,0.0105771384283096,0.0105771384283096,0.00117991294712101,1.39219456278379e-06,11.1553134632613,7.64727108366787,7.64727108366787
251,,723,0,0.00734827062115073,0.0118837328627706,0.00453546224161983,0.0103554958007447,0.0103554958007447,0.00165872585219177,2.75137145272931e-06,16.0178313439371,7.48702346393839,7.48702346393839
252,,723,0,0.00734827062115073,0.0118837328627706,0.00453546224161983,0.0101774619811087,0.0101774619811087,0.00212122288247891,4.49958651715214e-06,20.8423562418244,7.35830501234159,7.35830501234159
253,,721,0,0.00734827062115073,0.0130498465150595,0.00570157589390874,0.0109131391148565,0.0109131391148565,0.00211679611244873,4.48082578167805e-06,19.3967665047635,7.86837330181152,7.86837330181152
254,,723,0,0.0123969344422221,0.0130498465150595,0.000652912072837353,0.0129279334724135,0.0129279334724135,0.000254432127316604,6.47357074108525e-08,1.96808041950037,9.34689590055496,9.34689590055496
255,,723,0,0.00840306840837002,0.0130498465150595,0.00464677810668945,0.0124886884929852,0.0124886884929852,0.00111021957277891,1.23258749978139e-06,8.88980114607321,9.02932178042829,9.02932178042829
256,,722,0,0.00840306840837002,0.0123969344422221,0.0039938660338521,0.0110255279745958,0.0110255279745958,0.00117388809999543,1.37801327131089e-06,10.6470012384007,7.96043119765818,7.96043119765818
257,,722,0,0.00840306840837002,0.0123969344422221,0.0039938660338521,0.0111364193242611,0.0111364193242611,0.00110526963154022,1.22162095840506e-06,9.92482053124881,8.0404947521165,8.0404947521165
258,,723,0,0.00840306840837002,0.0144111439585686,0.00600807555019855,0.0114790293636679,0.0114790293636679,0.00202501634096807,4.10069118118773e-06,17.6410067159286,8.29933822993189,8.29933822993189
259,,722,0,0.00840306840837002,0.0144111439585686,0.00600807555019855,0.0118039924847452,0.0118039924847452,0.00207071622774086,4.28786569582935e-06,17.5425071679513,8.52248257398605,8.52248257398605
260,,721,0,0.0101902177557349,0.0144111439585686,0.00422092620283365,0.0114163956172175,0.0114163956172175,0.00130618857145407,1.70612858419722e-06,11.4413394143783,8.23122124001384,8.23122124001384
261,,723,0,0.00911440700292587,0.0123969344422221,0.00328252743929625,0.0113139247501148,0.0113139247501148,0.00101075740401628,1.02163052977372e-06,8.93374692107636,8.17996759433299,8.17996759433299
